frame,face_id,x,y,w,h,neutral,surprise,fear,disgust,angry,happy,sad
0,0,86,110,166,137,0.7044360017538858,0.3319659941430173,0.15313662625748795,0.12126755193593251,0.16320217192364353,0.4984931985636034,0.1656444921820251
1,0,82,99,169,151,0.5062702022507346,0.0,0.281876563904604,0.1126046636452038,0.3610220724842198,0.3268188998599004,0.1969678742214799
2,0,91,117,157,129,0.7928065675368621,0.18567959334969378,0.33779319121557383,0.15323005579035984,0.20776314329389106,0.07713458482526012,0.0
3,0,106,95,140,121,0.25016150989266356,0.3495245210804862,0.42747232902191284,0.20468686129405783,0.21942279171653825,0.33531192452267256,0.3072846525773686
4,0,93,108,136,145,0.8816704687378707,0.007704050665487544,0.16183163892890803,0.1120867009542149,0.2928107799498479,0.14762691415438686,0.3640160868223772
5,0,110,97,164,128,0.9618606685661772,0.11167887589618931,0.0,0.2402996168798199,0.1979138899979653,0.16321204708856188,0.24276223760453117
6,0,101,117,148,138,0.9110677309317872,0.19541066736469287,0.1342550284896431,0.0,0.2452001147439209,0.0873328928715224,0.010481789764064081
7,0,114,102,161,128,0.8824378767309373,0.2239010016482772,0.35065420401478864,0.0,0.1631820416131099,0.2573167642216843,0.18357962765178748
