frame,face_id,x,y,w,h,neutral,surprise,fear,disgust,angry,happy,sad
0,0,83,86,124,141,0.7208604502068039,0.193856395050213,0.17906631998832961,0.22516711765385292,0.09388933393149988,0.21458205769966476,0.0
1,0,106,105,158,123,0.47909792369662774,0.20435738171676518,0.1954017572020096,0.4818969007468575,0.03708541571946522,0.41827287898902543,0.1192697464401395
2,0,96,89,150,172,0.47962555858334194,0.3502347184688367,0.04637058742772335,0.47337860571271956,0.302998214046245,0.18608420860318914,0.08860747783428688
3,0,85,87,179,124,0.4974577288667493,0.3312185095146074,0.23039903937391965,0.3295857227642196,0.04528782975706591,0.369924699864957,0.3775004929825889
4,0,81,111,172,120,0.7479917208009048,0.0,0.3963083282125569,0.11271846831330934,0.2534431237072685,0.0,0.0
5,0,84,114,162,160,0.5606687663686756,0.0,0.12702744578910302,0.3326462963216018,0.21419060851194655,0.0,0.16952143495390412
