frame,face_id,x,y,w,h,neutral,surprise,fear,disgust,angry,happy,sad
0,0,101,107,153,122,0.33148856410079547,0.04175746842227604,0.36029924940525493,0.27247090339329516,0.14661089623891121,0.20267591034474844,0.18955989003273813
1,0,102,93,120,171,0.7656899198357952,0.056914668749531105,0.23825749242150498,0.017737327311569462,0.08175907823201661,0.19687955003427043,0.16865616701005276
2,0,95,104,141,159,0.9246348033259628,0.13856970933900922,0.12833951725766948,0.07249205613295634,0.15242007145950245,0.2420900228312826,0.0
3,0,106,83,139,122,0.2629633567630898,0.05788019534809882,0.004376331031863107,0.2827983089428777,0.0,0.04277470340142425,0.005259048812223804
4,0,94,96,155,144,0.8245452838659985,0.14993117774952505,0.1507376786218928,0.2544212556514005,0.19659900613348816,0.25621087187171526,0.09313967344056502
5,0,84,114,175,137,0.732039406379414,0.122887102477873,0.0,0.2335152111493627,0.19450165558555205,0.4224459455991504,0.2032735619786953
6,0,92,108,142,151,0.6434727943163072,0.19911430803710667,0.25775546791954274,0.3259905836984169,0.3803495671613839,0.3160201352131518,0.0
7,0,85,93,128,124,0.7958345142033695,0.17245606955593798,0.21897780510956624,0.2696526067178448,0.044903182916118306,0.33166210663694995,0.0711318990841491
