frame,face_id,x,y,w,h,neutral,surprise,fear,disgust,angry,happy,sad
0,0,93,91,146,176,0.44593899169296736,0.20969619654742916,0.3472585544983454,0.12424650800082464,0.443136849761441,0.4046784157082519,0.4892571819890136
1,0,88,118,175,167,0.6477729678708116,0.3340493362618787,0.33181835168017837,0.12274388545267668,0.0,0.1646691770599706,0.45187129919322644
2,0,110,96,157,149,0.6310771513672424,0.3609642574587676,0.0857330009870728,0.12993106829732776,0.019182826569854733,0.11474877893455425,0.313731773203537
3,0,83,101,137,165,0.42279548105875775,0.12259485496887533,0.20983894402558356,0.3725954291920063,0.23440660862868934,0.07383526454220696,0.0
4,0,117,88,130,164,0.31592630366620894,0.22518927241637954,0.08357482844895822,0.3709174609200453,0.2420161733077191,0.36199664563215594,0.2371924656580632
