frame,face_id,x,y,w,h,neutral,surprise,fear,disgust,angry,happy,sad
0,0,101,99,141,153,0.935875912173859,0.08926400315817316,0.44975685295196444,0.18674331587898282,0.2999351117388243,0.2583706618093877,0.07815488931344217
1,0,118,82,147,179,0.5642246897138907,0.097662449901513,0.10516160475863832,0.08104220291268815,0.43324172738287337,0.1609289956067887,0.23713617843282658
2,0,117,104,159,161,0.730129121356497,0.27070145629491504,0.34053310915074586,0.0,0.2176844102122148,0.004699848633568426,0.21046761799275587
3,0,104,92,125,137,0.9203845500633312,0.20784135607180237,0.0,0.2523941331475725,0.5345300973821698,0.3024909583310814,0.3151060316262766
4,0,88,87,128,128,0.3394782910464013,0.28888347644925627,0.3607545570042964,0.2398060058452161,0.16102666496467805,0.2874998770953088,0.25921925650989563
