frame,face_id,x,y,w,h,neutral,surprise,fear,disgust,angry,happy,sad
0,0,99,85,139,174,0.7819752833173768,0.4953370198112898,0.2485826546132366,0.28062297814246856,0.1036652470503616,0.0,0.3471473734252487
1,0,87,97,176,168,0.8469968894918981,0.35890433605952893,0.0184869001815868,0.10919685502564214,0.2472690783532783,0.2038872740578386,0.0628126442626353
2,0,103,105,140,133,0.6532901773276393,0.0638910919518968,0.35958863611925007,0.49087902877977685,0.1117635131189909,0.0,0.43684987691207705
3,0,113,110,170,154,0.780733822615915,0.0,0.19401880369104016,0.30208613573236215,0.25685724360338036,0.22867682062255643,0.20348364455075196
4,0,106,102,172,135,0.5177389428512379,0.05915681708234899,0.11058584558808646,0.3739558395445939,0.22416506690449914,0.1942283303479827,0.16101133438221077
5,0,93,108,153,144,0.37963037227481333,0.3790316388704372,0.21076130544460722,0.34490507146284854,0.3788851120144374,0.20449830777243763,0.0
6,0,88,106,146,155,0.7632942596367949,0.0,0.412698726138378,0.2392541511935249,0.17448084221081728,0.3943256535465019,0.1210911024574527
7,0,97,89,143,163,0.6039125921611391,0.0659857556994054,0.16067622755807312,0.3771221823377097,0.3190502566472183,0.19223989536086375,0.12673951031437197
