frame,face_id,x,y,w,h,neutral,surprise,fear,disgust,angry,happy,sad
0,0,86,82,137,160,0.28515926995833574,0.07329847163632633,0.0,0.42496133286631566,0.3041517321847433,0.35022848501952464,0.22705354440911374
1,0,100,104,139,129,0.6012175790812819,0.3972226074474966,0.10233774221836248,0.29738225715415273,0.4076896596147174,0.060729938459581356,0.45188899987124487
2,0,103,95,176,149,0.7054599183136074,0.3438811817006875,0.2003100426926452,0.4435533172059214,0.20985409554317455,0.1764204283515089,0.22884684884161544
3,0,97,111,133,164,0.6614877556900737,0.4316256951774415,0.05332696089161834,0.45796125342963484,0.33041723409086876,0.3666679516027147,0.300195926226612
4,0,94,80,129,178,0.7763490106229614,0.30775814320100947,0.047232440246988,0.22578675743385637,0.39540693093618917,0.035111686198929015,0.18666856587163302
5,0,97,115,141,168,0.5640101178159967,0.47342511483338495,0.16881636223172228,0.3850265623411811,0.25474981015768283,0.13454038747611508,0.03160329148307314
6,0,100,119,147,133,0.7076356572075546,0.0,0.34833704370334206,0.15559908432080963,0.44280976766058017,0.36252545168342576,0.20940248191530006
