frame,face_id,x,y,w,h,neutral,surprise,fear,disgust,angry,happy,sad
0,0,116,89,167,131,0.4961025948366547,0.20000222611274215,0.17556425628572825,0.13461009910238353,0.22761745934250457,0.4022962744444013,0.0
1,0,98,80,175,144,0.3491979687806786,0.40251661014422613,0.2701768441937762,0.505064770686793,0.30688936705636194,0.0,0.29840159134908706
2,0,110,94,121,177,0.687161219768944,0.049899239062732526,0.38279862625868033,0.31262806233939094,0.2403213324689393,0.17870756530882972,0.10083857799692227
3,0,110,97,127,178,0.7812003230113502,0.12864335688825818,0.10510581240638872,0.18381606068775413,0.0,0.4619751850462822,0.31731726364950646
4,0,80,107,145,175,0.49986494632495726,0.13340505789204316,0.36291818893593186,0.12559970791751013,0.28918285973029095,0.0,0.4713305021420427
5,0,85,84,158,143,0.7969453958971819,0.2057294460973814,0.20491929614489138,0.16066710216942803,0.0,0.33780987391665207,0.11507151822246814
