frame,face_id,x,y,w,h,neutral,surprise,fear,disgust,angry,happy,sad
0,0,94,107,149,137,0.5892151378791581,0.2908996492173525,0.008585808440881554,0.036156378783267246,0.09838060593205698,0.16104038683974856,0.0
1,0,98,112,156,156,0.5416248359662015,0.0,0.0,0.19068426217515663,0.12013973311802761,0.17466989556215123,0.2795991186432764
2,0,86,96,136,148,0.6096831023229087,0.14369269404095517,0.4713533801968565,0.08805246953891725,0.28694018604943716,0.1243380888023194,0.22564534537209732
3,0,118,95,162,163,0.582724366616481,0.18951948857818587,0.1219509226946268,0.18667266466601984,0.12066587844934883,0.28541821354840424,0.274982722653173
4,0,119,113,162,125,0.43692924818369294,0.024501062909405652,0.24390152059667164,0.15448987941009149,0.14388110367407958,0.1956435666880428,0.2205938753466986
5,0,108,98,173,145,0.46526758156003584,0.0,0.0,0.4644918824064781,0.1271773841334653,0.14853278311837287,0.23695164427353366
6,0,89,103,178,154,0.5812968696052245,0.3065805596144558,0.0,0.09866120470414907,0.2672270714807141,0.034935892136739755,0.203120716054364
7,0,109,83,162,178,0.5299446003450856,0.26372445001940265,0.23268032285490492,0.00273637977901231,0.30028859139221253,0.18860057676557285,0.0
