frame,face_id,x,y,w,h,neutral,surprise,fear,disgust,angry,happy,sad
0,0,98,104,167,170,0.8010553594242417,0.28173170275210313,0.2578265129432887,0.2973346246263961,0.0,0.2883808801246427,0.3981863774263372
1,0,80,98,132,123,0.5891845920444864,0.4887913440958499,0.22282298712556015,0.4334482984868007,0.04204943208024137,0.25413777526573356,0.1491763361871083
2,0,105,95,177,166,0.6087181762602996,0.11428369693682155,0.30656486222511703,0.38935729491449866,0.44289836996157517,0.19948662809971468,0.3428867700271853
3,0,96,83,171,179,1.0,0.35400479907298044,0.2926561189193432,0.29402564679844856,0.0,0.0,0.214961956415099
4,0,106,112,132,125,0.7524664525714574,0.2903721490319118,0.1832140276567531,0.3511198879878916,0.2253808399236128,0.03462851753731397,0.2608310683502666
