frame,face_id,x,y,w,h,neutral,surprise,fear,disgust,angry,happy,sad
0,0,81,105,156,177,0.7685303588479538,0.13217967058134183,0.30780951064481576,0.30871049558642616,0.42468350774179786,0.19436488865298196,0.3331792606681043
1,0,99,91,155,120,0.7116999582465966,0.4085646779317773,0.19123644299146572,0.2495344254090164,0.18576231207642402,0.04423145176930643,0.2485096261331253
2,0,92,104,167,161,0.43704171829403343,0.10432551400041205,0.18610733676482025,0.02244331538403907,0.06012865865968531,0.2027491076432011,0.1304144291107976
3,0,110,85,167,163,0.2661863465355362,0.11962283348215849,0.0,0.1113119554847562,0.17677194920448747,0.02652804862021077,0.5445873130040794
4,0,85,101,127,141,0.648941224119526,0.04859278725852928,0.24182307035531403,0.0,0.18819050347396443,0.2919504094773136,0.37329139994854166
5,0,80,107,133,176,0.6832342414993178,0.31486921756462133,0.0,0.294111436107828,0.39367148855924583,0.09005130040185726,0.49476230313877545
