frame,face_id,x,y,w,h,neutral,surprise,fear,disgust,angry,happy,sad
0,0,101,106,167,168,0.23436443675202806,0.17169698042591153,0.20990110974263954,0.2454123056515546,0.0,0.18430462202788322,0.38206135260424884
1,0,93,80,126,171,0.377877871384684,0.4865324542561606,0.5482757374815801,0.25052548095386695,0.3446190005572829,0.3138373949577696,0.4513321648667532
2,0,111,94,139,121,0.3216346524860713,0.24426173496208953,0.47746601888354573,0.2920869313738642,0.22211521485247498,0.0,0.34356891645141086
3,0,99,107,126,167,0.5442796589810518,0.27123568144870436,0.09327836942232086,0.0,0.18702265843885002,0.024738126035465796,0.18547469429922625
4,0,85,83,157,169,0.5308075721805489,0.07394739360257072,0.27891175714278765,0.26265755329038765,0.1211965352040817,0.13874202486747075,0.2872699477008837
5,0,81,110,131,168,0.6533108841129679,0.2703753301756472,0.3343144136439923,0.0,0.17187353218172563,0.07476433931800136,0.3816345905767171
