frame,face_id,x,y,w,h,neutral,surprise,fear,disgust,angry,happy,sad
0,0,94,99,158,163,0.6194090598455647,0.13589094200082702,0.1331515186779616,0.18816234133384177,0.3447260912018498,0.032362192373850296,0.20253595912976058
1,0,102,97,121,153,0.647885641764295,0.3895026068159266,0.0,0.3483486873943983,0.27777043202153157,0.0,0.35028729238425993
2,0,95,82,148,136,0.3008551265254081,0.0237217076390481,0.30403211444268263,0.24808477830728407,0.3085538990154696,0.24845250122462784,0.13307915206524615
3,0,115,115,173,158,0.6738440068886085,0.22984888863427044,0.35497102359897004,0.08894142496367373,0.31290726893517073,0.10498789628189532,0.2096841148517899
4,0,98,103,144,140,0.21955351879633017,0.23831763338095355,0.0,0.41753520702614466,0.008981230765045478,0.17950406407627867,0.22438776882924105
5,0,92,116,160,173,0.8037882935331817,0.36504429725664256,0.20109573614628778,0.1322146102673199,0.11997553391343992,0.10507500364204687,0.2414138976928099
6,0,107,106,148,121,0.3256806709362066,0.0,0.29165737727919144,0.21679068394050185,0.3167916676061066,0.07045864569063462,0.21365917690487024
7,0,116,101,179,132,0.535146998275792,0.12933318895098456,0.16019743261418032,0.36848935811966277,0.0,0.08286204114552365,0.17657326019685718
