frame,face_id,x,y,w,h,neutral,surprise,fear,disgust,angry,happy,sad
0,0,115,96,168,167,0.3117346125664257,0.33925162530604464,0.04927563519216058,0.06199160322330288,0.5132829153253748,0.11491172821776686,0.20691472343811487
1,0,88,98,163,179,0.7022677478515263,0.04703157195122279,0.3056300205884421,0.24875536412747817,0.04194840967160107,0.23023544245902408,0.23801356375712823
2,0,111,116,132,161,0.6739724319480855,0.16810589483888375,0.0161534115241255,0.3675957181130549,0.044190422559755055,0.0,0.07629086522385346
3,0,84,90,143,152,0.5992610200899798,0.41103511136530235,0.22364151773426286,0.0,0.47971204741275125,0.3720427571054904,0.45549495927180533
4,0,95,88,161,121,0.9572419571772293,0.16288554475788164,0.1743555916578284,0.37024190384266437,0.28101191579203744,0.3322233243069292,0.2579949741019295
5,0,89,106,146,158,0.5636780613826723,0.1483832175014642,0.2564316381299068,0.10660113713157561,0.18682367122521426,0.2262507979398441,0.23443209041781837
