frame,face_id,x,y,w,h,neutral,surprise,fear,disgust,angry,happy,sad
0,0,90,119,155,137,0.6443083251036181,0.017325723652572345,0.0,0.24939745276499722,0.25766581248924314,0.4590225789612634,0.10211624729628532
1,0,90,105,126,125,0.48601690446268897,0.3788342912847159,0.02151300050045915,0.493823123851327,0.16132177706677706,0.24053957573661686,0.2460238548752173
2,0,99,110,173,175,0.4092918920434544,0.1978662183640692,0.27459391324471666,0.1823007292214314,0.09894715150759016,0.01604681426177451,0.18492180285165882
3,0,111,102,170,126,0.9227612136684197,0.29079851223619413,0.0,0.11785037445716857,0.1764070761405245,0.27062936393373477,0.0
4,0,116,115,141,168,0.5178357530271313,0.3185874838499424,0.02776358718824437,0.23178980538495397,0.19220504212666095,0.2489158096872943,0.1652749753223708
5,0,97,109,176,147,0.3586141359715907,0.4067584608612438,0.0,0.10175534180571091,0.1915564239688862,0.12001177956979234,0.06270596813768828
6,0,93,92,155,122,0.2654293873444923,0.3283211663880633,0.0,0.2194046590831264,0.02617869032458653,0.0,0.26831859024025767
7,0,103,116,126,149,0.6289569965741446,0.0,0.0,0.2734354790910033,0.16798577668609452,0.3775848946698386,0.3360159556749225
8,0,115,112,129,122,0.8062613130276188,0.015697612296069557,0.0,0.13306612073960478,0.33390807587045324,0.2195500524492311,0.1725302619178555
