frame,face_id,x,y,w,h,neutral,surprise,fear,disgust,angry,happy,sad
0,0,93,118,167,167,0.4896318934893705,0.01888540244435699,0.21200449663191845,0.13308287508627223,0.08952760051840006,0.2065144009292037,0.08027620446316738
1,0,82,91,161,152,0.5330494214067786,0.3962292006509841,0.018588795273427272,0.23901803473295632,0.0,0.13447149937610176,0.0
2,0,106,114,179,172,0.8538550941909148,0.0,0.058938255802334694,0.14746636926638867,0.20580873549666823,0.0,0.14718287623187848
3,0,89,88,122,135,0.5581379598831935,0.22057994464504158,0.049069119893437985,0.39443955709341716,0.05043533643248041,0.20828222674242805,0.0
4,0,88,106,166,177,0.5279680473642181,0.22756143346057564,0.13003644338555326,0.3242434340259618,0.28614776105340134,0.0,0.0
5,0,98,86,135,145,0.6455963550784183,0.037770254690454336,0.00612191078155952,0.16701386591948145,0.3503652346982681,0.1460839092134669,0.14293222737017655
6,0,84,87,157,124,0.3423926342099921,0.328929987853686,0.34833786323813304,0.39797004499988436,0.45488869840371965,0.03741244306729988,0.15307524245438175
7,0,99,95,157,155,0.9554812085086046,0.3808401560521577,0.1537644662223542,0.35274249365769833,0.0788673310366101,0.12435897322292588,0.3226340397611394
8,0,110,117,124,140,0.6178477562957447,0.46418025792616785,0.31964966196223465,0.3332098115109627,0.07606463985040378,0.389812011129805,0.31302709451763666
