frame,face_id,x,y,w,h,neutral,surprise,fear,disgust,angry,happy,sad
0,0,114,104,166,175,0.7006270525711408,0.24113263726940876,0.0,0.0,0.24462920004852334,0.29325030457773127,0.25276070508114146
1,0,110,88,166,130,0.6838503218782462,0.4488494780446989,0.04546373858479469,0.03333163099736072,0.2514727959355929,0.1764653087243385,0.25190190672069207
2,0,106,89,138,131,0.5813077863019467,0.03165262970356156,0.37538498442347557,0.20687844175275324,0.2871338009781591,0.04201686574211863,0.12534291390998228
3,0,88,95,161,151,0.9735561829157995,0.10698523870687668,0.0,0.14559578587613914,0.43676036841526034,0.31126721493419285,0.0
4,0,116,80,144,161,0.5171945336774069,0.0,0.043448349632605104,0.4360034337464529,0.28448286794300803,0.013568216726353277,0.3232275904115759
5,0,92,102,148,162,0.9582225779891804,0.25770216470025176,0.0986954948383358,0.12064847426424943,0.2932560862550717,0.3434187730690111,0.1474970690532125
6,0,94,107,123,152,0.4607352384692764,0.1914030543005058,0.334862519649188,0.2942449708906744,0.2798721849114387,0.33525762190279235,0.3304448486870394
7,0,105,84,166,128,0.8883283023856727,0.14043122981241618,0.4289893229783034,0.0,0.08638738971689326,0.3770609039967122,0.26314250462127486
