frame,face_id,x,y,w,h,neutral,surprise,fear,disgust,angry,happy,sad
0,0,95,96,144,170,0.585802295193572,0.23750047697842938,0.0,0.2479278719914901,0.3999942611053002,0.27948469874251186,0.3320141863686591
1,0,104,114,133,134,0.6155705300204869,0.1447725394056394,0.13508202656752238,0.3972189663201281,0.03081527493467978,0.16047486772901398,0.12153709496570066
2,0,85,99,174,150,0.6817167071398144,0.10032177661259539,0.10855320976210116,0.1353231155008875,0.20762145499658,0.24116097199399786,0.023697545771277
3,0,99,87,155,175,0.8426938756484509,0.2749051128807477,0.3063222014477422,0.2458506617986438,0.20522412503798457,0.0,0.3371150477303171
4,0,88,89,162,126,0.5603471301761762,0.3081612783557549,0.0,0.39355951391127997,0.34602715280493246,0.0,0.4033717728889584
5,0,85,86,139,166,0.5297969646436098,0.0,0.0,0.2151467091902657,0.0,0.46358906884042667,0.44688830617622055
6,0,100,90,150,128,0.8735043708625678,0.0,0.272343329735553,0.08810463884460441,0.11099454294789408,0.014530408427597868,0.0869776276931955
7,0,111,81,169,125,0.5740342641108177,0.3922646251856762,0.24810417645384755,0.25769423945206177,0.5545730515775911,0.0,0.01662176591666062
8,0,92,90,124,144,0.3152119490199121,0.03929711036765077,0.3322890400590592,0.16095055489782933,0.22582210491340302,0.08446239819759298,0.15965690710350228
