frame,face_id,x,y,w,h,neutral,surprise,fear,disgust,angry,happy,sad
0,0,89,105,138,130,0.6644615532101786,0.27297431402539996,0.30268845519783527,0.1189746405668049,0.2010914966625848,0.0,0.17951621038179874
1,0,95,94,129,163,0.5942090738453977,0.3282974907045431,0.09675253805095331,0.182002968976867,0.26756715870307834,0.28431198184945433,0.27104961618145806
2,0,103,114,137,124,0.565873088107688,0.028772006431611402,0.1778147729846748,0.2556510370172914,0.24519737734191965,0.18208829645746766,0.19840602218840223
3,0,105,115,149,123,0.533305572046177,0.001559752109085183,0.38180519666326695,0.4555018265347487,0.04866701623379033,0.0,0.037850545998051516
4,0,98,113,126,135,0.849261278817606,0.07805588498449129,0.5571889487469639,0.3148048674912462,0.14957513785030466,0.15667941511686634,0.21983090934158714
5,0,109,88,166,170,0.6664394162593863,0.23208834571065926,0.16336931701129276,0.2412362075248587,0.3833284773691311,0.1290847232344741,0.2290952169514463
