frame,face_id,x,y,w,h,neutral,surprise,fear,disgust,angry,happy,sad
0,0,85,108,164,135,0.12422811987156268,0.3953652541236542,0.36604179894838185,0.11874330319453119,0.25937158254811704,0.2486241489902407,0.30949374550898096
1,0,109,83,152,153,0.6152880889898088,0.1963308708312112,0.08556295276354377,0.20547875885978673,0.3804657239629632,0.22369263887505608,0.030823190025167424
2,0,106,91,127,159,0.6527406209955569,0.2522410112458901,0.07836123545774704,0.14650891841551622,0.07386683670570468,0.09592434005354032,0.1721962620681409
3,0,108,115,133,150,0.7077474713132051,0.09402924356931897,0.07485708642819805,0.18611861002519708,0.3954992264797774,0.25480949327763747,0.10255559214653881
4,0,90,105,139,137,0.7939553991588479,0.2988488896255215,0.35920744829398543,0.295128609666231,0.1991512040021129,0.3705438874234393,0.29013711096311934
