frame,face_id,x,y,w,h,neutral,surprise,fear,disgust,angry,happy,sad
0,0,109,105,169,129,0.4001940656498164,0.3476023156304284,0.14889257233342973,0.07468361275996899,0.4743357122360636,0.15251597419061258,0.2824912904554014
1,0,108,91,136,172,0.35216878404161556,0.2541087727312815,0.07345350286018448,0.03125182175776639,0.0,0.1413416518834674,0.5044730233199385
2,0,98,112,142,177,0.5273272540390418,0.3986833027465566,0.0996851567169791,0.15731344476419326,0.4756418769420343,0.0,0.21381249546745817
3,0,114,87,121,123,0.7660421739149977,0.0261408836132756,0.3096515655185169,0.26391625497738824,0.21320492139607503,0.36084265040883956,0.18032772252513904
4,0,114,83,152,153,0.30742117875985203,0.3221229842679338,0.11097903723533732,0.28149595107401504,0.5142912687527579,0.24722212010167824,0.3739939654881833
5,0,111,91,166,128,0.6418005026971434,0.0,0.0,0.0,0.33847483845541104,0.08094437815755198,0.06749850620754544
6,0,107,108,164,167,0.44460799379148774,0.2713065757620723,0.35592110405679445,0.2933575440392414,0.06574106986025438,0.5059368739952572,0.31817679462206583
7,0,103,96,163,164,0.5068961825220686,0.21449582133934153,0.3553753676662001,0.3520847881220094,0.0,0.25528062112537486,0.1906546291400962
8,0,85,80,147,144,0.8621600664324882,0.4970403900426021,0.16298838994302778,0.26192580960007816,0.0,0.07719208361271922,0.19397667970673987
