frame,face_id,x,y,w,h,neutral,surprise,fear,disgust,angry,happy,sad
0,0,103,98,153,132,0.7614263983475661,0.3398929841113997,0.5026400342970098,0.5109045659446614,0.12396208245353697,0.15538210383156703,0.24982596031119206
1,0,84,111,162,177,0.7296164382177754,0.4088024960587963,0.3912944148960186,0.10006213502728165,0.11983979308644988,0.1519415214576353,0.0
2,0,91,86,127,178,0.7104134769230139,0.22920425073751835,0.2315734658613302,0.0,0.0,0.45126204643400475,0.2576626635299798
3,0,89,80,140,173,0.6500225314877692,0.05823218762418789,0.23471838988329716,0.16373109455873452,0.21431278459674738,0.0809125392184458,0.23044712525207
4,0,83,92,128,149,0.6829790142011621,0.033644275154428166,0.0,0.2872583225862866,0.06483659095624564,0.14599163073018273,0.015325278843810825
5,0,91,100,159,122,0.9486609598553615,0.055483348770284546,0.23541870264117593,0.3139198035992866,0.2646140446114471,0.18529252766957338,0.4654571133551021
