frame,face_id,x,y,w,h,neutral,surprise,fear,disgust,angry,happy,sad
0,0,96,93,178,124,0.49168951357324875,0.018140711209280902,0.36715032872924547,0.2837558284760668,0.40164919101299246,0.3490954457746646,0.42924963771101443
1,0,106,81,128,163,0.35654442361480165,0.28330103283298114,0.39323417266711835,0.07616618665448598,0.24073427584266988,0.2181807591686031,0.37171885416528927
2,0,84,91,129,174,0.5906007407759287,0.41560386240055064,0.09067042765712159,0.43244745261685935,0.19164907293870348,0.0,0.15722838832695815
3,0,85,105,125,147,0.29452650680729253,0.18005560652980365,0.11242795789477442,0.26194867039275416,0.28869339240135405,0.0,0.1716430676314964
4,0,110,104,169,162,0.5395466450366543,0.24198321583975668,0.0,0.2534082946669288,0.14611651503274586,0.35836584657865755,0.04778378696643709
5,0,87,81,148,177,0.6342457612862166,0.13669019148386427,0.0019309659095355647,0.0,0.28967485660662445,0.49294953949568626,0.0912051050248683
6,0,113,104,120,151,0.9758027320775271,0.16322327084398874,0.40293393723418786,0.17171833258487512,0.27921135996693913,0.4166278814126545,0.03984010384513037
