frame,face_id,x,y,w,h,neutral,surprise,fear,disgust,angry,happy,sad
0,0,100,82,168,159,0.852441729291604,0.0,0.22985310843588264,0.1781600808136308,0.2295958805628025,0.3637678805577053,0.155466032110195
1,0,89,80,164,132,0.09659320375188152,0.4299709977179821,0.0,0.33335395746801166,0.4515554426727862,0.0,0.29304876417224285
2,0,101,91,147,155,0.3954475938081998,0.22085181522574007,0.0,0.3500244438286628,0.39852137590982495,0.1650035117152481,0.1765192747740389
3,0,91,117,167,134,0.5324823358373553,0.06875058041802895,0.4230149053577762,0.25367390783073485,0.29202091232259914,0.19268661876843063,0.5453101669224869
4,0,82,102,142,152,0.22038606173495134,0.109572305950574,0.26924668663861223,0.18302915469008071,0.14817249345597566,0.5727023201150068,0.23839507551783273
5,0,99,110,171,176,0.40321372409141154,0.39790023612138437,0.4038573082593294,0.33819412208037,0.26202980202007986,0.16943808375278474,0.18300905697445147
6,0,118,102,158,147,0.73165331676038,0.1374368030790761,0.17604699145070707,0.26011741098906166,0.3162093963077451,0.23463122089757615,0.3101751183256962
7,0,95,105,176,123,0.667255753397663,0.22057907007348182,0.18819891985856488,0.15898115407840732,0.4365875733240141,0.2429937395422611,0.4686422354526305
