frame,face_id,x,y,w,h,neutral,surprise,fear,disgust,angry,happy,sad
0,0,85,99,171,173,0.38076013166665956,0.0,0.26424222887933935,0.321500115344255,0.3298081201979527,0.06486966260603466,0.08006809567341193
1,0,101,86,155,171,0.0924095276996919,0.1574370420419344,0.1571511781628456,0.02961608629003329,0.3242390775122264,0.24370867449169223,0.12624977288267525
2,0,84,90,141,125,0.8917504002557579,0.15044406902032267,0.08564035402972159,0.15148297395596852,0.23318172544992705,0.20362823307702796,0.32015769277967926
3,0,101,107,152,124,0.4192295821068246,0.21043905739145824,0.10505452871022515,0.3227610662458713,0.16478444139210902,0.026504388898603154,0.0
4,0,81,118,120,169,0.6761012219033758,0.15529790562227497,0.0550068306020573,0.19958510615846126,0.08545531124865456,0.21521427058699738,0.07050825933326446
5,0,92,96,122,155,0.48300591540231047,0.027650086292859782,0.5419883563282657,0.19076826193771923,0.18867272918488123,0.3225276191084554,0.3112153971772039
6,0,104,105,174,130,0.5721207297817242,0.009991194941436604,0.005454767941913102,0.19568435859585592,0.17409728633229457,0.23205043382571441,0.2553490978631546
7,0,94,93,179,121,0.5061502250142331,0.4254136788669771,0.006461602519372223,0.23145671991646,0.28740275161268575,0.22261646164497692,0.20503927473438613
