frame,face_id,x,y,w,h,neutral,surprise,fear,disgust,angry,happy,sad
0,0,101,114,128,176,0.4446527634681283,0.3304202522991245,0.171736575711666,0.18378842014685481,0.20937874488025596,0.16744312296992198,0.469119807157002
1,0,104,81,160,158,0.45482651896840726,0.2280271154029393,0.21497470445487815,0.14297075294053999,0.08916791335949756,0.0,0.586200353399138
2,0,114,86,173,126,0.4539669979278374,0.1280724837362185,0.13794679899910822,0.0,0.03975510392131626,0.0748632203488343,0.19676809042677218
3,0,100,86,154,129,0.49685876006649404,0.04717091819438762,0.2299628504503512,0.0,0.16919251335043745,0.14444727301965743,0.250273717516455
4,0,93,80,152,176,0.3298194162985807,0.27007748188951164,0.15588198483090843,0.7717950515174969,0.5598123917178406,0.23280908755771265,0.2541405522319907
5,0,110,109,154,179,0.6208165980920478,0.21795032733901537,0.25429322938088056,0.11973104487182477,0.2426628029502111,0.0,0.2560140198741603
6,0,105,119,141,137,0.7025438040220713,0.25362107770325865,0.0,0.0,0.4194905033931148,0.1868698643313758,0.2782501586917481
7,0,94,101,136,174,0.9744044103843776,0.5175515662091673,0.39017721621700996,0.230828622503212,0.32081992240838086,0.14876014303337992,0.3126432603722716
8,0,82,82,160,125,0.5366718212209141,0.10443386815282617,0.3890520890362681,0.07528211589034593,0.0,0.12322342130812546,0.3787324963893549
