frame,face_id,x,y,w,h,neutral,surprise,fear,disgust,angry,happy,sad
0,0,97,84,153,178,0.7004569310149908,0.19901004199558978,0.41580553537749076,0.11001308032826167,0.20010938085734217,0.37790539523376654,0.39766048627366823
1,0,96,94,167,128,1.0,0.2388962358064923,0.27324820224729446,0.022524216653552614,0.2866374433485131,0.21097086610136762,0.20896637662912418
2,0,85,91,126,170,1.0,0.3640491676323755,0.06164241084993741,0.18681383490329292,0.32654583989008823,0.01597675069540419,0.4304949647500956
3,0,110,111,170,179,0.311965549276186,0.007000901227223577,0.15687082040546302,0.0,0.19641316978420523,0.0,0.2492931210948748
4,0,104,89,172,179,0.0,0.29237519929830164,0.24565368074671645,0.21180017709303497,0.1925154681543743,0.17482084230833558,0.0
5,0,100,119,120,158,0.973954698757107,0.14481570223724002,0.17191025829455636,0.3952542884240142,0.0,0.2952188380280677,0.36150368301650915
6,0,106,85,172,160,0.5912554143558193,0.22991146082797778,0.13901002754877853,0.32928631298889455,0.11205925897865025,0.27011971287556574,0.42642306570375976
