frame,face_id,x,y,w,h,neutral,surprise,fear,disgust,angry,happy,sad
0,0,100,88,160,126,0.811924089458612,0.216315773436624,0.0,0.0,0.27768456387238066,0.3448454688378455,0.15127659301720395
1,0,87,91,132,132,0.9832228314821432,0.4488298921418785,0.08883949216058334,0.4805358064455608,0.04869052545940972,0.26345202363841785,0.03740261675274156
2,0,84,96,143,140,0.6137995685181162,0.22709659016718522,0.19295993763080005,0.2123649448336303,0.03900319191282456,0.10142401501000055,0.3206609089185116
3,0,109,95,171,140,0.9041843060604049,0.1670401797248131,0.2797761436034614,0.3255029847744386,0.23739536209080198,0.322913695694126,0.3863505569299012
4,0,96,85,168,149,0.37544005244456957,0.13497882606469624,0.18753814253204398,0.2298147741914583,0.07400987807289469,0.35713748362874254,0.05697742761055921
5,0,96,90,168,179,0.6882745233821872,0.3823713322545377,0.15919466366087112,0.23793290946637966,0.027010529375332853,0.4123362917495632,0.5011199829753752
6,0,85,88,148,153,0.6549429763362778,0.268309401018455,0.47184196734671957,0.05547549536141827,0.058475642914966375,0.5439977075579898,0.34618135897535596
7,0,86,105,123,171,0.48453557997740093,0.0,0.43401949330322914,0.06740298459116029,0.0885323142203271,0.0,0.1812933989114242
8,0,106,88,168,123,0.7120344536823149,0.0660668612308864,0.2396286779323821,0.1814537730725154,0.0,0.14498777807398824,0.05591394221232837
