frame,face_id,x,y,w,h,neutral,surprise,fear,disgust,angry,happy,sad
0,0,87,82,164,134,0.6864154841985404,0.17814649963817106,0.12161143202023368,0.3354138081184844,0.27801756477831163,0.2216233256022985,0.1334043380118699
1,0,87,99,128,135,1.0,0.1748618295246414,0.34264840460635937,0.4580939751544767,0.2255144251246557,0.18037569703638595,0.0
2,0,83,89,148,172,0.1445518550302919,0.17549394686100547,0.29189447590491824,0.11113852737020204,0.059827988084720535,0.0,0.4047846316135313
3,0,80,98,120,147,0.5250682738900647,0.122194827079204,0.07106606160317458,0.22112550792048835,0.24197410863920674,0.443312917384297,0.3293034781701232
4,0,106,119,155,168,0.3592568587388954,0.06586542904604059,0.2593624066494834,0.06131079597494443,0.001882914466264235,0.2696820997523793,0.32862871799294613
5,0,103,102,134,123,0.5805154578424989,0.2661425215306813,0.30402270139101506,0.32037120055096924,0.3812050939679594,0.012051381880767514,0.048185841706370414
6,0,89,84,165,127,0.6680719137320964,0.31286441751050875,0.020826405752527477,0.20273224445838056,0.5665466532320704,0.06005589449309315,0.0
