frame,face_id,x,y,w,h,neutral,surprise,fear,disgust,angry,happy,sad
0,0,87,110,145,148,0.788099141003274,0.32847867998034463,0.2304058258540006,0.25911852111354794,0.11203470651081666,0.0,0.22556914602262354
1,0,83,108,137,153,0.5302417196575331,0.5740741437023924,0.32707496893235033,0.43849355709570714,0.11002269740200159,0.22641243774106887,0.4718234950343851
2,0,116,104,155,130,0.75083003682523,0.1542540930729619,0.3205460574618482,0.3914256478541349,0.33816980762824245,0.24420967028284665,0.05266978109104234
3,0,80,96,138,131,0.7094429604341519,0.1853397496359059,0.28998740850290844,0.07356075384106969,0.24076707493743277,0.3133548405712853,0.0548794987554799
4,0,96,82,120,149,0.5086322612355711,0.24390412137214548,0.2570708105802551,0.2013513941218037,0.05108180214591926,0.2624808230190066,0.2563372020664322
5,0,82,114,158,138,0.29111097338524566,0.11813652925228554,0.0845153240813408,0.1195441718221542,0.23995715201564166,0.3753276788730588,0.12950191291668378
6,0,114,106,175,166,0.8403234528418992,0.333988660683027,0.05495774391320496,0.3114451788251972,0.011712193584947767,0.037519406271815936,0.3457097194485357
7,0,83,89,163,178,0.6575169067579278,0.0672657885064332,0.006662684059434182,0.22221783211499296,0.15009608614201853,0.0,0.0
