frame,face_id,x,y,w,h,neutral,surprise,fear,disgust,angry,happy,sad
0,0,83,111,135,145,0.537158440940341,0.18163044141446352,0.01998308010157812,0.1374071471244613,0.0410266792705383,0.0,0.15762287101181488
1,0,91,103,179,144,0.7426060348787453,0.13793511723096497,0.24833776140899594,0.0,0.326125780466624,0.08034855924325486,0.0
2,0,85,90,121,122,0.5933866592289775,0.09626050464493123,0.13627866489188328,0.3036767129517013,0.10040454453719821,0.30715852500419505,0.11398684511264395
3,0,98,107,130,129,0.6317862278199329,0.1287331391455553,0.24197301683112837,0.23618377965999998,0.2748645866574373,0.19601634224619158,0.34115548438959187
4,0,110,82,155,169,1.0,0.3125319837368354,0.48021754799430344,0.0,0.0,0.46496725995727767,0.17438143136873316
