frame,face_id,x,y,w,h,neutral,surprise,fear,disgust,angry,happy,sad
0,0,111,101,145,162,0.5667941302831097,0.00183942025341724,0.3864029333222553,0.2807401783908375,0.37431487541857095,0.44338090440653977,0.2237964189558156
1,0,94,87,147,167,0.37076369855123203,0.28179328049046015,0.12310132331508951,0.2912620683555295,0.2617344563280155,0.0,0.08133283259849663
2,0,92,118,161,122,0.5720770587598205,0.1767953502451653,0.0025439638610495197,0.1251547469641292,0.35731529378308813,0.13273118173593318,0.20901176051850504
3,0,84,92,148,169,0.37907263583096795,0.1973719473176279,0.0,0.0756927081615939,0.16588288465219292,0.47382932150990703,0.26603440511855736
4,0,117,84,162,136,0.64422776033724,0.23593505817364258,0.06579399359614527,0.3045989014229302,0.0,0.021805196686531386,0.25235594170018555
5,0,98,104,168,136,0.6529241339395462,0.3675238431355089,0.26117928120067935,0.17258352776494185,0.18619335106472407,0.26838550885386186,0.31179636912401243
6,0,101,91,134,140,0.31897471426050134,0.5612661096116689,0.0,0.10434856602046666,0.11112268629476081,0.2726273106937231,0.14805502284685412
7,0,98,98,147,139,0.3980452387786555,0.11389868024640458,0.4150274415921286,0.29946507212427864,0.07255322176341569,0.2652332989803456,0.04910379928771766
