frame,face_id,x,y,w,h,neutral,surprise,fear,disgust,angry,happy,sad
0,0,103,106,151,126,0.6520781483877273,0.4029412180353642,0.0,0.21037376944458092,0.3807801886225881,0.42772756306561166,0.0
1,0,110,87,153,163,0.7303121222150019,0.2866502337703337,0.2268613269264763,0.1806531804363219,0.15147784460832955,0.06663282596937709,0.18181308946987146
2,0,102,101,144,147,0.5924162849190586,0.3113304923408162,0.19248442657563825,0.20364362928102023,0.0,0.5397023292880537,0.23835257388630998
3,0,95,105,173,126,0.3417602159979502,0.03990891103065569,0.40452824905075824,0.16755712582634474,0.0,0.1396505349370126,0.12304017313490805
4,0,108,104,155,135,0.7976825176746072,0.5018961491356195,0.31347461554783623,0.2074204576603222,0.2977512001858291,0.25750684478353614,0.11710986619406029
5,0,119,91,160,172,0.5470014976374916,0.15762601152351152,0.38773151080589674,0.07787776125165499,0.42287726956397165,0.08094569631541632,0.38930434951650594
6,0,95,109,137,122,0.6888450322244006,0.5219862294285902,0.25713410461692465,0.4026623815519955,0.0,0.0843546754933942,0.19178758742728327
7,0,86,98,130,150,1.0,0.1283864733821942,0.015345904083043205,0.29457475295029406,0.30689111856849033,0.02330349240213392,0.30058451936753655
