frame,face_id,x,y,w,h,neutral,surprise,fear,disgust,angry,happy,sad
0,0,97,114,178,150,0.32035560510626565,0.06879244122296113,0.2173206951732191,0.23110091818354406,0.18711963035894255,0.14237044337367272,0.2105556890409278
1,0,89,110,121,127,0.9194018362112089,0.30405857641729345,0.23228771487779254,0.5521566419211311,0.24335142420309974,0.3798205314451756,0.27113686353597105
2,0,94,85,168,136,0.43874913668244403,0.02376437305901874,0.09349208897785338,0.43095091354171033,0.0915633875340906,0.18478224977108315,0.26989986150029344
3,0,105,115,150,141,0.6110639785578627,0.347333853256901,0.23381703901516382,0.2549856617706546,0.0,0.14945436359809094,0.4880657241095093
4,0,98,115,131,150,0.6487014364527492,0.4550423404284367,0.1499948432084369,0.29717952270142045,0.15599990752170106,0.20147863638146568,0.22303109568785365
5,0,98,104,124,160,0.463826631355456,0.022758684171681337,0.21334449544148185,0.2103019291737381,0.3030282326326028,0.0,0.21366281445379545
6,0,87,96,167,145,0.7582772911317293,0.040151663344508065,0.12005594296246054,0.012917016159399747,0.0,0.14335306552715912,0.1164168026671445
