frame,face_id,x,y,w,h,neutral,surprise,fear,disgust,angry,happy,sad
0,0,92,98,120,170,0.8388280577984976,0.07658899238890123,0.33962397499014696,0.2338002129119235,0.1787521801579736,0.32728939291467246,0.30411765956421755
1,0,114,97,146,120,0.7978702812309508,0.1647006161127078,0.11169564799863263,0.09590470746632232,0.32538183480389177,0.2634035603132632,0.4169427564760575
2,0,83,85,142,127,0.7494000629152552,0.39168722176357457,0.21827782234760024,0.18936899586487263,0.3468056220366331,0.0691751213961686,0.24321229339182748
3,0,115,86,147,158,0.8390610565725034,0.055485724404566006,0.17111179187319703,0.20576618163534288,0.18410887884787655,0.2705923493459439,0.31016745936774986
4,0,90,109,154,142,0.6233351660319189,0.1012463030772882,0.2097290050358326,0.09835022639926164,0.3045695847555946,0.0,0.09963257805038869
5,0,115,87,167,137,0.5294462003269108,0.08277936086455687,0.3087146666585397,0.19078859006413473,0.07505867824006426,0.01983435632167982,0.14824611662522408
6,0,107,118,159,123,0.9577834860942491,0.06833567711977478,0.186312695920822,0.17709013598780415,0.01142418340005047,0.4229109825084292,0.400415168389466
7,0,82,93,125,160,0.40239746875472204,0.29991406342056304,0.07778916011571976,0.02767860081767437,0.2644689706669316,0.21035145272255584,0.10979283061721906
8,0,82,116,170,146,0.5818247569012209,0.062101508625196006,0.27939775754805957,0.19126360195915265,0.21946230285509827,0.32504734513244266,0.37683680116012463
