frame,face_id,x,y,w,h,neutral,surprise,fear,disgust,angry,happy,sad
0,0,108,116,166,145,0.4516769088893302,0.39805103216548915,0.0,0.22828823589903313,0.20482239967478919,0.09170666274188032,0.4597818291506474
1,0,107,108,129,175,0.5262560858441788,0.052813903346230456,0.1368330558478395,0.30338136460839793,0.37373510844713537,0.28499267613111223,0.4347584434653495
2,0,81,103,153,168,0.4139418909434021,0.2503233727734867,0.01740610298494835,0.21166015074811287,0.3767920590403039,0.3492439604894171,0.11183574686826832
3,0,104,98,176,163,0.7298254448965442,0.0,0.30198641563649986,0.039064259039755134,0.1473195711944682,0.2978915418465569,0.07555672259609608
4,0,88,97,124,135,0.4402276836864577,0.3485276918464713,0.16786503959094476,0.06986001588575866,0.0705423291672298,0.4811890196552803,0.06708751773073043
5,0,88,88,158,131,0.6084736714469727,0.0,0.4035416287182826,0.24825801279107074,0.425271327224097,0.4832151338610458,0.0
6,0,118,104,178,169,0.546703342176461,0.18614142626179808,0.2951446486690502,0.05946176874854664,0.19704191729298814,0.021282731235341162,0.2915770300084918
7,0,118,119,159,162,0.4727110605932572,0.3915768040617427,0.10253110654306977,0.35768971122097404,0.3392236185147013,0.005841316325261997,0.4186818912772522
