frame,face_id,x,y,w,h,neutral,surprise,fear,disgust,angry,happy,sad
0,0,87,86,144,179,0.20875422606268657,0.36059754108361514,0.0,0.2488344205254072,0.3080683312954539,0.3326534759003811,0.21740768694475568
1,0,114,98,157,168,0.7939374183864847,0.28411562968004256,0.2423873338375137,0.0,0.0,0.035258276542487116,0.19789650849515483
2,0,91,103,162,178,0.4300917066236267,0.0,0.16603642705583688,0.5833626308175642,0.3975963548180468,0.19423293110262668,0.28167325708837865
3,0,117,119,126,146,0.6551109886407857,0.12072041526915446,0.12159987833727394,0.29202107822998324,0.03785272011237298,0.0,0.0
4,0,91,96,135,162,0.6245047542117352,0.13713146270272447,0.08384312734229302,0.28211869953403534,0.2638904086171065,0.25486508609056274,0.08535571996769198
