frame,face_id,x,y,w,h,neutral,surprise,fear,disgust,angry,happy,sad
0,0,98,119,147,158,1.0,0.037953416950140234,0.08304026878633736,0.10279361741712213,0.14588814594325336,0.1257056558789188,0.3349718370049753
1,0,97,106,167,162,0.689438576469012,0.3967201267840419,0.06499534737870127,0.24003088366303935,0.0,0.29832441828980105,0.40114625736643866
2,0,111,112,138,172,0.8975656517560886,0.206484965835312,0.22349447234943398,0.2283610168501852,0.16017522683632407,0.16069076305607446,0.4186511204185682
3,0,111,111,175,174,0.31105595555003224,0.22688449679045875,0.2990476689188429,0.06331121049742938,0.0060416096785473605,0.19990434362338294,0.16398492859252964
4,0,105,91,158,142,0.6169169941567044,0.2075674901944452,0.05598036542816742,0.15436041996954858,0.1591070004855765,0.4599524651493575,0.11877902565375112
5,0,85,93,179,178,0.4007075413192294,0.25394748868765776,0.16148096292851372,0.2062875215833302,0.0,0.2419466338085814,0.18512470186004365
6,0,88,99,170,147,0.6544284726613865,0.27321414419017587,0.2553279023580001,0.18125320328944955,0.3415677351512881,0.09828458158913632,0.07151724554913713
7,0,90,119,173,168,0.33628643578865375,0.33359616698639905,0.13415655500254786,0.14242402274934665,0.21750625001499305,0.5354828214259381,0.2034959856436118
