frame,face_id,x,y,w,h,neutral,surprise,fear,disgust,angry,happy,sad
0,0,84,91,133,143,0.45979708601154723,0.3087139185191542,0.17795343438265712,0.38921069609335224,0.2928471818768851,0.2647058389937228,0.31854739352508077
1,0,85,115,164,131,0.5713300418177089,0.10569042794696128,0.3395957810215169,0.21542821216094707,0.0,0.08087976014997048,0.14225129167478362
2,0,96,114,163,124,0.3333501552204343,0.25993794648055707,0.24198035545180732,0.07439629403632467,0.17661854438409877,0.2838730938103722,0.09373812268545731
3,0,117,112,165,125,0.3032045930269481,0.0963831763031535,0.03190777454864607,0.05850038613971836,0.19408833416575813,0.3074686856745353,0.23764575487490483
4,0,113,80,139,141,0.7910291917537684,0.4503932200085862,0.08401869742599825,0.3177645445143538,0.3991640792999696,0.1089189537077992,0.6604484467677668
5,0,93,99,169,152,0.46995726714980346,0.03175760388927665,0.19591982653450798,0.08389156891479478,0.37761904849022343,0.20975876676944946,0.3079191709072776
6,0,83,118,125,140,0.6731568227618936,0.4383168055101788,0.23885694523094236,0.15695575932466738,0.42101372643962787,0.4302990371020377,0.5274081428215804
7,0,101,108,161,149,0.6878947562022888,0.45335390613259513,0.18974256604380407,0.0,0.07186268550325561,0.26116920969457746,0.31616303365302334
8,0,102,105,124,144,0.8919737142162564,0.0,0.230885823756387,0.4023523484027318,0.08258329410406708,0.520494314362706,0.1937970125391507
