frame,face_id,x,y,w,h,neutral,surprise,fear,disgust,angry,happy,sad
0,0,87,93,145,175,0.6331258643536256,0.27410300876664134,0.27317342622668916,0.022737888369222192,0.30036583715922166,0.024740563585392616,0.21453795173193457
1,0,96,103,161,141,0.5697503834110957,0.1496003980270816,0.07682048717645654,0.2271248889590342,0.2554313295615285,0.09287245154426979,0.2473854779816763
2,0,118,115,147,125,0.5162052287982897,0.13353368933997345,0.004392676001077567,0.18206184926812494,0.0,0.12282640254166034,0.3540998584731
3,0,85,112,160,153,0.8325180737112978,0.33328964448135956,0.11834580622429622,0.08217587144673989,0.0294034970763781,0.0,0.33292762832081185
4,0,115,118,149,123,0.798607415772403,0.2824512573133724,0.26567349056036765,0.0,0.37593445457582275,0.021736283465263267,0.23189316219145542
5,0,85,93,179,145,0.4854277665423069,0.3359548685161341,0.0,0.0,0.1312056808871791,0.136135886748059,0.2518516222229096
6,0,80,103,167,158,0.905477791394039,0.10875780786437345,0.39584893744900196,0.4617865168610502,0.11804496779661038,0.27187531367172446,0.22298991621594025
