frame,face_id,x,y,w,h,neutral,surprise,fear,disgust,angry,happy,sad
0,0,100,102,162,161,0.5497741811278979,0.005395506788425319,0.2097084312711461,0.05587850979473094,0.0820547592476558,0.06973714867461939,0.42577601014866295
1,0,100,116,150,176,0.5602724516827434,0.39426288965350814,0.0,0.1542194306206477,0.28653469457807745,0.1476492203203209,0.05587263360877767
2,0,87,95,158,169,0.7614149224326848,0.35439215881661135,0.19393715927196298,0.10027462046020433,0.27837107839168546,0.0,0.02391731816069559
3,0,101,97,140,148,0.47976974788172333,0.06769113997244225,0.35113295024394187,0.08018455637288646,0.12891337937539143,0.0,0.2118965622917201
4,0,114,84,154,162,0.7185685845294454,0.14937244797134347,0.024667583336417664,0.3488447174158506,0.15422438030246832,0.49037306902959077,0.2729283559562151
