frame,face_id,x,y,w,h,neutral,surprise,fear,disgust,angry,happy,sad
0,0,103,113,145,139,0.47254046520402215,0.14083916317669032,0.23011624633763028,0.15444431063247216,0.19697419993256537,0.25463149166340665,0.1070663984084372
1,0,105,80,123,151,0.7459755383682795,0.24411808716086242,0.06679505105124772,0.04434991432567628,0.13734920532458905,0.1515243739735799,0.14493836499982593
2,0,114,85,172,140,0.6044800022806319,0.30722658580104845,0.052795835456623114,0.5210378844585144,0.29554878894896763,0.18699704936199454,0.5774059746146163
3,0,104,116,135,178,0.6702949034573852,0.21823897973912454,0.27845071502887364,0.0,0.0,0.43842765056440985,0.19562252607886776
4,0,114,114,171,150,0.6778968461263404,0.16066942527883243,0.0,0.264049851328654,0.13526739565099738,0.0872970868560262,0.3948422954170264
