frame,face_id,x,y,w,h,neutral,surprise,fear,disgust,angry,happy,sad
0,0,118,103,157,166,0.42766463563056806,0.08970170510871874,0.18855498354621414,0.0,0.16265572703050393,0.475616116958124,0.43271308274274495
1,0,87,113,134,160,0.9105581386802459,0.1098559704530119,0.049341042466867685,0.1888685084648055,0.39304269290769356,0.15789378173781773,0.0796279993152732
2,0,108,106,136,133,0.6925336877734413,0.30460285595066355,0.17259464679536052,0.32297463988410163,0.4199508856194668,0.10039371399103701,0.36389869481039516
3,0,118,112,159,160,0.5278544015716127,0.26514856941574766,0.4888634204127209,0.3262160862232044,0.4002635831509772,0.02667540460047732,0.33854685155179576
4,0,87,88,167,167,0.5854456528750185,0.24384037018799748,0.28595677490637317,0.17411890637725455,0.11828791830844658,0.09837951791576212,0.0
