frame,face_id,x,y,w,h,neutral,surprise,fear,disgust,angry,happy,sad
0,0,95,80,139,144,0.5097841806407989,0.344388148363464,0.17925042394459995,0.31307950185490035,0.19212993191251795,0.1044586873062383,0.09345816335590755
1,0,94,114,147,156,0.6547435908244035,0.11730153555075466,0.3068549873571923,0.11423657689694286,0.019294114119268374,0.15167007671331767,0.0
2,0,119,110,131,160,0.240442173138517,0.21233199522304144,0.039041046996673906,0.05234778222037331,0.10791890414686303,0.07492042039329469,0.34880706113121296
3,0,84,92,141,122,0.8322034855603819,0.0,0.23345961667272655,0.0,0.0,0.11257684842336782,0.0
4,0,99,102,139,160,0.9561406253858814,0.016761008341701356,0.14517194561832725,0.24883084650958126,0.025037587463126953,0.10056144648369435,0.42204828144615036
5,0,80,105,175,170,0.3680774426561549,0.14439081946173374,0.08777558975466236,0.050507009425149574,0.3986637223705365,0.17034955976309193,0.22032166367650724
6,0,93,92,168,139,0.11911797746905062,0.028036425499830236,0.0,0.3397020009522087,0.0,0.04874557579377742,0.0
