frame,face_id,x,y,w,h,neutral,surprise,fear,disgust,angry,happy,sad
0,0,98,95,176,179,0.3588851859070229,0.29416596330825334,0.18688102970643444,0.3457355687193334,0.4608113364922902,0.0,0.12056947329654581
1,0,111,81,130,133,0.6290713294200687,0.17990566051090534,0.16854281928799436,0.22418718105988675,0.23317397099342496,0.11597278105283892,0.004773328031963814
2,0,101,91,167,166,0.6008840866618882,0.3435317413396121,0.22606366374462428,0.06439264454589497,0.2408754225107777,0.2340994474119797,0.08859744811101954
3,0,113,108,155,122,0.7676471054120637,0.16763203524591688,0.32301822384313594,0.1589034570908009,0.07066330560795381,0.034143717067998264,0.06727170796050039
4,0,108,85,167,139,0.4369405064531272,0.3218702615403289,0.11287938136512778,0.047186770550419116,0.18279488748231115,0.08442715467942152,0.09623046476311288
5,0,96,93,121,123,0.45976354466229463,0.47413317649116,0.25727520511699464,0.22787939460535084,0.21095559332325328,0.06635103918328297,0.0
6,0,97,95,132,133,0.5033143352661081,0.2531707791806483,0.16749975232464884,0.06441524493433412,0.09750506760931586,0.19072346403148965,0.2810051336617018
