frame,face_id,x,y,w,h,neutral,surprise,fear,disgust,angry,happy,sad
0,0,104,85,179,130,0.7955611237007051,0.14159348798353594,0.20208820563337906,0.3897072387240835,0.38658332680965724,0.147663595054246,0.22501406189059525
1,0,91,116,133,153,0.5605145129578244,0.1226564646109886,0.31422269255402263,0.1671702991823433,0.0,0.0,0.2493200389062486
2,0,80,103,146,133,0.8081076526406157,0.2990672820510488,0.25768488402973067,0.3746178026295603,0.1742235618362878,0.20971011183656424,0.15704854821141723
3,0,115,93,139,171,0.7955699299174953,0.2893941724563269,0.11983464668584166,0.35505869017409064,0.3103843266227269,0.4892806861793989,0.11579897800119403
4,0,100,98,154,161,0.6795104465209652,0.17209810538535034,0.06351806407059113,0.22603196646436524,0.42276057444744647,0.22294355733876756,0.006898272227953112
5,0,101,90,150,131,0.48162845211416083,0.11726051139002207,0.0,0.2913278928597448,0.017304310244199622,0.21009102437752253,0.3643902849177352
