frame,face_id,x,y,w,h,neutral,surprise,fear,disgust,angry,happy,sad
0,0,89,97,173,145,0.49178193387554675,0.10238088175026228,0.0,0.0,0.13814156849223938,0.1431417378254764,0.0
1,0,118,97,137,121,0.601308362976306,0.2928099273945628,0.33089671222805045,0.12809824462080022,0.40390418010313767,0.2940723794495877,0.3076670115791106
2,0,86,89,174,158,0.6869127083143439,0.27235400362788265,0.09646188306441505,0.36588931171501987,0.2950211518589747,0.000861303304583394,0.21972242816211765
3,0,116,108,159,179,0.6450494697883424,0.15652689937723618,0.295147009127508,0.12495030409403408,0.0,0.07088272283891833,0.21747946561799675
4,0,106,108,144,159,0.39600979543872583,0.259826769041127,0.307571615299292,0.10353330799695817,0.14392481439796148,0.41091524328790824,0.20930531383384454
5,0,84,107,159,161,0.44135169498960214,0.0,0.22300803152204463,0.14285412585007656,0.33959146371069115,0.13778844990283678,0.060759868066168565
6,0,119,104,123,126,0.45375861862625533,0.1947425987203682,0.0,0.2631223551733337,0.3595269257887448,0.3352355429325644,0.2349798494316613
