frame,face_id,x,y,w,h,neutral,surprise,fear,disgust,angry,happy,sad
0,0,84,92,173,171,0.4730679625747025,0.0673367579613787,0.07156189621525239,0.2636411398472909,0.0,0.0,0.20861151234437272
1,0,115,82,179,167,0.673863790821994,0.3184690873661574,0.0,0.0,0.2439658004994804,0.05160756749318679,0.3136521279230949
2,0,107,81,135,142,0.8387523274283791,0.0466258509321876,0.27644894625264216,0.43357358175358796,0.12187549344628826,0.41347397249950046,0.2146348910868395
3,0,87,107,142,172,0.42816391998325465,0.11330713335138004,0.5099761192869445,0.3219595921942354,0.055636970386878565,0.008049720361992363,0.2735041948301028
4,0,91,94,166,139,0.3887516160891342,0.061482697111972295,0.10319167464900843,0.24157904211670517,0.259821121715346,0.3090426471912894,0.026437153266668983
5,0,119,116,131,179,0.27287712573681644,0.30954519114462165,0.35801650345083336,0.0,0.17932702199662412,0.17271751943183844,0.38624356091047496
6,0,94,100,175,130,0.27133288530087846,0.15022414073969753,0.046303739063457,0.19705287003195848,0.20450383051071944,0.23063660852653428,0.23811614267354708
7,0,103,97,166,135,0.9101310681628736,0.175902403096706,0.17371408766842042,0.08881069191482181,0.37739280677567166,0.06764792997550542,0.23890631336151513
