frame,face_id,x,y,w,h,neutral,surprise,fear,disgust,angry,happy,sad
0,0,91,81,151,127,0.7515859027850615,0.26704789076464197,0.10831410378599203,0.16899294644263305,0.18002093840514546,0.3218762002246829,0.4191843792453125
1,0,83,101,173,134,0.3757861823484685,0.06787405227225446,0.1520823166328972,0.30778054332054683,0.007319729736672137,0.35369416708453394,0.15705823223920318
2,0,94,119,131,162,0.4635287744838068,0.4604705507683419,0.0,0.41292107120585175,0.016491648729272945,0.09700131633712272,0.10654231765636299
3,0,117,112,150,148,0.4049838582504128,0.07845049332661713,0.284371167815953,0.15665944138859075,0.22549991523240395,0.2000280227926489,0.4163851194907391
4,0,97,88,149,140,0.7768445999540057,0.2670135478475944,0.4466437951662584,0.3128258169295981,0.009012196628885166,0.1688811211775083,0.3987322902436494
5,0,92,102,153,160,0.6535824590390646,0.5196899012883648,0.18490436260751777,0.2467067316686582,0.15847967389770837,0.0,0.0
6,0,95,99,144,176,0.3857839187097464,0.33012762588054023,0.06840949944973843,0.0,0.18269982244165356,0.06406223282388326,0.20382528558823437
7,0,108,82,155,178,0.43281099370793374,0.0,0.3644912968280949,0.3996826653682344,0.11446352373189188,0.11982799202251886,0.05882362256657986
8,0,94,104,122,164,0.41985741848337044,0.0,0.21222037456523352,0.005569291628684997,0.35469045275852407,0.3000531713531981,0.2186563940844915
