frame,face_id,x,y,w,h,neutral,surprise,fear,disgust,angry,happy,sad
0,0,93,110,135,131,0.9634203974877369,0.17959769341630316,0.1882647126605816,0.49794722607067393,0.23867156363418826,0.08567577471298944,0.05697396410184802
1,0,110,119,150,157,0.49571832204212624,0.3168165142364354,0.369710793599936,0.2435513035035218,0.5965620330700117,0.2535800389994884,0.397154341262549
2,0,112,86,164,125,0.5857172591269498,0.14536981186573894,0.1383484552528014,0.08741737891687308,0.12936293001474686,0.11894234179589366,0.20534965399063843
3,0,102,96,136,136,0.33388185704492246,0.2644440148477849,0.25913649104925335,0.003570309026446866,0.15140346081414716,0.30243002630720933,0.4263760299745311
4,0,114,109,164,163,0.8769084658334768,0.19603530811399456,0.2537232900019449,0.46519315693832947,0.0881421540319229,0.3660920829362463,0.0
5,0,114,88,152,179,0.6496008588067674,0.35362819717178795,0.14613980804075294,0.12159240668216856,0.11964195570320223,0.26812384920014515,0.3571054308577111
