frame,face_id,x,y,w,h,neutral,surprise,fear,disgust,angry,happy,sad
0,0,89,117,141,125,0.42285825137271393,0.33586459076309977,0.3222691390630039,0.0342954795667918,0.43848599939239596,0.346574235051032,0.34780604477288024
1,0,113,103,166,167,0.39841008179153004,0.12538984261935798,0.4732365405951578,0.35843798702669244,0.10260049833980689,0.045353689994592744,0.0
2,0,89,96,144,161,0.7289152614778182,0.4511210318635084,0.3377003032613537,0.45901064880606096,0.3694672580330406,0.17715076493320853,0.0
3,0,97,100,135,165,0.28025132732157093,0.3633690866852479,0.07886573376240566,0.12282393797396123,0.2879586817392855,0.1961998554707704,0.21991767361216216
4,0,94,87,155,175,0.36710483669738525,0.17955340315420837,0.12211410237269829,0.13578340797947258,0.20143222217650214,0.32823291573960844,0.03670529251553775
5,0,99,114,121,167,0.8777484620102655,0.27598908706712216,0.09674949186711587,0.2173530437596036,0.1865152531021572,0.1643217120096719,0.20086866968367742
6,0,92,95,165,157,1.0,0.0,0.0,0.15304242809161345,0.1700454353506818,0.0,0.06523178435925242
