frame,face_id,x,y,w,h,neutral,surprise,fear,disgust,angry,happy,sad
0,0,110,96,152,128,0.4807465467651871,0.04337616667673566,0.10745675088438719,0.2840256732683283,0.18801614911430625,0.40751836416578613,0.01002416631110073
1,0,109,86,121,162,0.6125137156999624,0.09070943802031892,0.5309307530722949,0.14522414295528793,0.0,0.23327073834304815,0.3531290859578148
2,0,81,80,133,161,0.8759421930576727,0.2563140630903848,0.5257194334136468,0.22859888947162665,0.028892717635524673,0.2822198023314024,0.0
3,0,102,119,151,143,0.7931160297571235,0.18924288813172863,0.06944381055185092,0.30778188727520817,0.030996838775896762,0.30815019495144913,0.07728287658269872
4,0,107,117,131,127,0.6894296173081003,0.3002376393725729,0.07064002796805893,0.1258540708418779,0.035914639569543355,0.24099336201401916,0.0012795902774430934
5,0,97,88,141,122,0.992992359566446,0.5078806922802644,0.02865635050314469,0.1398636390278814,0.19278694338235167,0.1167455325387938,0.11567900578458028
6,0,105,99,121,141,0.34023340832256926,0.3207146324618041,0.0,0.17213363497832287,0.08488773731804389,0.23969553104533262,0.03409113409457684
7,0,99,104,154,151,0.559313960101636,0.2174286983801711,0.18173855425039562,0.2067551880021451,0.15547119952744548,0.28601461279439844,0.3706892620067062
8,0,101,91,153,135,0.9500140398909827,0.37398396793978705,0.0,0.0,0.05213186587067847,0.30171922439928256,0.10047775931103188
