frame,face_id,x,y,w,h,neutral,surprise,fear,disgust,angry,happy,sad
0,0,94,109,136,121,0.8045105627192521,0.0,0.5171503889516902,0.17815614564889629,0.17695655338496205,0.15766431653764382,0.23387992896859275
1,0,108,104,163,123,0.3970506425536456,0.17771491739568526,0.4010592712825578,0.09105632619350097,0.0,0.3746386439734126,0.4120400457338492
2,0,98,102,139,131,0.6279752689749843,0.21249855997376454,0.25964770043779073,0.1505722530965129,0.0,0.31726127828208706,0.27015819013950715
3,0,92,117,179,133,0.3416039246169935,0.17380988515086973,0.16378963425785784,0.0,0.08481399150928719,0.19994869794707817,0.10459580006617661
4,0,108,119,167,159,0.44770317251495295,0.1896886482433029,0.09897794239041735,0.20714760241063435,0.08719644831051734,0.1590192073947461,0.4689493871070775
5,0,93,81,145,130,0.5418533571583573,0.5760354409772177,0.20043178184814647,0.2618537777194233,0.22206790671357807,0.0546851191936264,0.0
6,0,92,115,169,123,0.6266102409494225,0.09817315927037358,0.32577432896287617,0.0645888908812319,0.23321601436938966,0.17473503753044264,0.2880054846884416
