frame,face_id,x,y,w,h,neutral,surprise,fear,disgust,angry,happy,sad
0,0,109,94,152,128,0.8290186758394591,0.21811947323778677,0.05849871268478907,0.2607514327691184,0.17079171838224183,0.2398755822959559,0.2943985707547323
1,0,114,87,142,170,0.48519373582421277,0.30853450569131957,0.14257898680036313,0.04678646638167386,0.36831399117232405,0.27909585530778086,0.4095597900345348
2,0,94,112,137,140,0.6047772886743543,0.08333085389028422,0.37371283599427463,0.0,0.39376798225726817,0.2670480465979969,0.33038042082937186
3,0,82,88,136,126,0.42595959169293335,0.08014142063289387,0.1550262118839716,0.0,0.062004928604738885,0.2571559183873554,0.0
4,0,118,106,131,174,0.8057820987708812,0.2855309461014328,0.0,0.21892715786598832,0.02972295328658528,0.22513281644630112,0.3692822462872619
5,0,103,101,120,143,0.37522285686086854,0.14115754374749845,0.08396078245339406,0.5429856953294152,0.004725490782530428,0.13399400475355305,0.0
6,0,99,105,133,156,0.5824297208508482,0.2699139965578857,0.08912984637181617,0.37191512012456834,0.2774325451653422,0.17017316642686564,0.02182565353979704
