frame,face_id,x,y,w,h,neutral,surprise,fear,disgust,angry,happy,sad
0,0,111,106,160,172,0.6737476370889137,0.17468422960870353,0.25330375606478506,0.23192160699450926,0.31771138463873994,0.058431647088370425,0.3766801835758633
1,0,103,110,137,157,0.7226041203107094,0.3036618405007002,0.0,0.024865218283405183,0.21798458086888806,0.010462361107155232,0.2438324574389105
2,0,100,93,162,151,0.45019870029600473,0.17983646572994363,0.14204731905816842,0.43935054103746685,0.282093129977746,0.2824276545060789,0.0
3,0,90,92,121,149,0.6952815074574608,0.37720260382730814,0.3743908431709881,0.36837129250765643,0.0,0.3046287656113726,0.0
4,0,81,93,138,175,0.509949166013728,0.4211287167775175,0.3836799304619112,0.02100965248616754,0.14510352467965767,0.3191945211757675,0.18060249260613798
5,0,118,102,127,156,0.8477442331813125,0.09645636457768748,0.0,0.13960371130934837,0.3984051596830083,0.35129048912786953,0.07847826736430502
6,0,97,87,125,137,0.9082434979682282,0.17401874860608718,0.10653704855895144,0.2914011903133033,0.02243911337243229,0.24871607569679785,0.3026474375356321
7,0,87,113,122,138,0.25200852361801246,0.0444936455516122,0.30471758033566654,0.2360152884022097,0.10582775370059545,0.4001230198532822,0.13012329608849138
8,0,101,101,144,154,0.9389395459039085,0.19207144537419085,0.13470521943380506,0.20424317639892742,0.14581150329205797,0.49617371146121136,0.12787705326738238
