frame,face_id,x,y,w,h,neutral,surprise,fear,disgust,angry,happy,sad
0,0,90,81,140,140,0.552839793780242,0.26271797607110153,0.17246670557322308,0.006991337437929318,0.2211039532929339,0.1311553814737611,0.023753748286542364
1,0,91,114,150,163,0.8072273272527459,0.0,0.2967594364285995,0.3987062152539784,0.20686368995674195,0.4286795674056555,0.0675982377887746
2,0,116,104,139,153,0.6297475111084115,0.14330983379409368,0.18004890742931667,0.08160963604706711,0.0,0.06561421495167466,0.0
3,0,81,100,163,147,0.8460099044222233,0.16356693078434265,0.11189031892862983,0.38091703605760074,0.03996605355192673,0.2897258802296277,0.17168442975387468
4,0,118,96,120,149,0.49551498664362237,0.2739041027429878,0.2949411217889162,0.33580363522201834,0.28791750997362714,0.4025282299601739,0.11567997240159024
