frame,face_id,x,y,w,h,neutral,surprise,fear,disgust,angry,happy,sad
0,0,89,104,162,120,0.44071940999139536,0.06583113805964419,0.24993122568803064,0.004126971082021341,0.19083816461073816,0.20692267011056026,0.3435136607745617
1,0,86,113,174,165,0.647257676727588,0.4089913463506718,0.24871233564742806,0.11054619258425917,0.4690047566563202,0.004329387350246461,0.0
2,0,115,85,176,170,0.23656629039495758,0.24078540323290554,0.256222443780662,0.31843219915290333,0.18175249601768115,0.11342347401261228,0.2401305016176672
3,0,90,82,125,175,0.9047349872861803,0.0,0.39732819294767074,0.1558223802923961,0.23366609152789164,0.0,0.0
4,0,110,110,147,128,0.6939351680895823,0.1019045316617604,0.4488209824704687,0.20820115103430994,0.2588065883543538,0.13199057794724028,0.3298095946225817
5,0,103,88,149,140,0.7651378900073635,0.48373014469072634,0.15548513579280265,0.24160609840573624,0.4012270624423136,0.17830855779962743,0.29000936695673707
6,0,96,94,179,154,0.8631933454599225,0.05012192865463849,0.36206544861562284,0.24520148605123654,0.2207141472697592,0.13170806704131982,0.33933335143659626
