frame,face_id,x,y,w,h,neutral,surprise,fear,disgust,angry,happy,sad
0,0,81,114,146,130,0.4708123962714196,0.25557674986695184,0.4234971522147623,0.32389283600165975,0.29828711166819066,0.30424937305042915,0.25076873601823063
1,0,105,89,141,122,0.579533017450575,0.16915818755546294,0.0015684386537131723,0.13014760505298095,0.4077057312619648,0.25481364683783,0.08986541094844606
2,0,87,109,155,178,0.3046065678802911,0.5680607592296774,0.16400097872030173,0.3652794572783117,0.07931856082550927,0.3279693072831358,0.031636661667938853
3,0,91,83,137,128,0.8371512742613839,0.3021927111724534,0.4241076422055271,0.11961379724314732,0.3824297249645416,0.09763058919176347,0.014953604234355489
4,0,106,96,148,121,0.39355225980550157,0.3909629123269868,0.05745113767426352,0.3201409144157584,0.42562529434120966,0.12691264495315907,0.2262060361748114
5,0,88,81,167,178,1.0,0.032644130083654216,0.0,0.34964597431074307,0.22855137409807555,0.21658625672972787,0.0
