frame,face_id,x,y,w,h,neutral,surprise,fear,disgust,angry,happy,sad
0,0,103,81,164,123,0.5194523961976073,0.14010760712784637,0.06936057627755324,0.14180923016065866,0.26761751575169884,0.1465144349238277,0.0
1,0,101,108,125,130,1.0,0.19739180197351844,0.46822019040419627,0.0,0.02045113260126394,0.18498469507738893,0.1477591686831985
2,0,110,106,172,147,0.6070314764143825,0.044378129730141325,0.12400046671452213,0.20450812208983998,0.2762589887572805,0.3940170078886328,0.05621408592543661
3,0,80,81,132,157,0.4434322913032659,0.0,0.0,0.17842321968792502,0.3130893330980602,0.16085898281295438,0.15607273996268647
4,0,81,115,136,174,0.521371461740419,0.32748775022097165,0.1004532392573307,0.18210890656300263,0.0,0.4527538819041689,0.1121491671792859
