frame,face_id,x,y,w,h,neutral,surprise,fear,disgust,angry,happy,sad
0,0,113,104,153,172,0.5606103777007877,0.08582305953567644,0.46868295549364003,0.2955122633994681,0.3050389457841507,0.2916389790748048,0.32784352295819286
1,0,86,83,166,141,0.5109942235484765,0.16605466836166044,0.12201164687499838,0.27979732674482444,0.20782412471278217,0.33774213400699427,0.0
2,0,93,102,139,161,0.2932677640676519,0.3322875031652629,0.17078480297056164,0.08581492090874354,0.3581001635183383,0.21996261780822043,0.12127147529619763
3,0,93,83,175,169,0.5736884240733254,0.0,0.31163678379735404,0.037329176443574086,0.21303368440826856,0.28047340273626037,0.04289472363731189
4,0,95,85,153,149,0.6571565496877374,0.23938660348069266,0.24231998401092117,0.2951764179256518,0.2328849506114439,0.10109792157197113,0.47028658477319174
5,0,116,115,125,157,0.5074469763928052,0.3168362364497809,0.19554987715199887,0.37439824656027737,0.3256891616315891,0.10726081913074074,0.16965680210971462
