frame,face_id,x,y,w,h,neutral,surprise,fear,disgust,angry,happy,sad
0,0,80,114,154,179,0.41731347369183125,0.2233548870864109,0.1053220473802723,0.20390186140449787,0.6712150162153137,0.1374332176454252,0.6135762611814578
1,0,96,98,151,142,0.7415100236223332,0.4410132288651918,0.22116621867935957,0.27920532578583807,0.5339070923954857,0.24974422726150414,0.1081796136683639
2,0,104,110,144,149,0.6385988777400992,0.11563095148615461,0.268329072711383,0.24842018470850596,0.14394600662866192,0.12275902063913414,0.221934575126987
3,0,115,89,146,132,0.3455433663771804,0.16681556229961036,0.28858910213718353,0.3753010308428847,0.20336212181191402,0.10284354321893928,0.18040858272240293
4,0,102,104,143,129,0.5389838199486069,0.3078543425821535,0.46451406238452614,0.303021224067812,0.3458606784660756,0.22578323320672058,0.256766118162487
5,0,111,105,124,139,0.5676882937136993,0.25066206761529153,0.21928605794953127,0.40949410278972215,0.2732537626175542,0.12313013800468925,0.276353925586787
