frame,face_id,x,y,w,h,neutral,surprise,fear,disgust,angry,happy,sad
0,0,91,115,126,153,0.3010030503376366,0.5924418371835822,0.14523130557227132,0.2711939716805425,0.1064613855076277,0.093221725245215,0.25302426745427625
1,0,92,88,134,129,0.7555984432212774,0.13737907566983776,0.18134724341607122,0.08974276826599537,0.18557246198051616,0.26496405831746817,0.5785059184754879
2,0,89,84,150,168,0.6430976998850092,0.23560912804524065,0.3687302200413956,0.1500407626292899,0.1728453279938153,0.04628426874658498,0.28212963105992744
3,0,110,81,122,156,0.7980616986914204,0.23473326300462943,0.2752196568246335,0.0,0.2638928463495713,0.0,0.3622882038760924
4,0,90,103,177,127,0.7200804992087094,0.4358117871771251,0.32413771620023213,0.40192539060683663,0.31395088146088385,0.037620441184150116,0.0
5,0,93,97,172,154,0.1849275340962785,0.0,0.41106583660468854,0.11333308645290684,0.3465962148329457,0.007405010835477566,0.1898538637408462
6,0,104,116,154,132,1.0,0.22523960736899598,0.19612536773789602,0.011384067079536458,0.03286318771463387,0.18075431657971464,0.4258236627181552
7,0,116,95,176,143,0.4863425340042004,0.03510838854487694,0.0958542225661917,0.09390072043717668,0.14269074491392886,0.43397514359579303,0.022635542045331608
