frame,face_id,x,y,w,h,neutral,surprise,fear,disgust,angry,happy,sad
0,0,83,95,140,128,0.5665897295086086,0.17974490706926266,0.4017420409728254,0.0,0.16619499531651283,0.24296734028483943,0.16246599516647142
1,0,114,113,124,138,0.7829485479845559,0.03996758886360041,0.0,0.12273254026115792,0.2778681914371117,0.09662675585592966,0.1649483766743628
2,0,88,91,140,175,0.558404064615029,0.3979139795125006,0.18237826595404885,0.0,0.08868505144742662,0.16553911812324268,0.09137808347852497
3,0,117,118,168,133,0.6571329983570384,0.12136946747835303,0.08873716141135944,0.09712952182640747,0.22062355459580246,0.24954727038369479,0.0
4,0,96,92,143,122,0.3934849493861007,0.18854493853070192,0.2500274750846904,0.0,0.20551252181466345,0.35751504197465644,0.4129926800205218
5,0,104,115,159,130,0.8040490368990961,0.4557935837437794,0.23154146614374715,0.3306455167741106,0.0,0.1772396114720374,0.12528241142351035
