frame,face_id,x,y,w,h,neutral,surprise,fear,disgust,angry,happy,sad
0,0,114,80,156,120,0.41500671881263484,0.32201828965864904,0.24447363143552275,0.3802755992292014,0.3173585718601457,0.41852379522742367,0.04981926365546582
1,0,105,95,174,132,0.7539051853259233,0.23648728683359507,0.023554726323557013,0.2603756555978791,0.4704677415093546,0.18335529183076082,0.1696323837967144
2,0,89,112,147,171,0.1846232930823143,0.39415884304272475,0.18104407014922194,0.37823303033802114,0.137342162113615,0.29066756756164136,0.20514871174460617
3,0,86,85,139,160,0.6037208435483645,0.0,0.14680933069383478,0.388663049817233,0.1717390811408595,0.10773544733154564,0.26959520787926083
4,0,118,88,159,129,0.681581853661067,0.2692113754482619,0.29013727509382103,0.2584543907996996,0.14500463295622568,0.21367513792457,0.0
5,0,115,86,121,150,0.5591749017118475,0.04238450386479736,0.07571655790667386,0.23231855601852616,0.30164875267329744,0.40204446037889685,0.25423924783338664
6,0,106,108,177,128,0.6699200088245811,0.0891216011543886,0.17533189337232197,0.0747757116633132,0.42667349950322814,0.5529102753980866,0.010437301899664436
7,0,103,92,166,122,0.8360345231193534,0.39748914645894506,0.5387877398720634,0.289222447436349,0.04651473146972615,0.04372496967988701,0.0
8,0,85,113,146,147,0.2905512889823522,0.15565246004173194,0.34750443879875115,0.1386568463609234,0.24359014865002548,0.20171322833891808,0.20477737535120197
