frame,face_id,x,y,w,h,neutral,surprise,fear,disgust,angry,happy,sad
0,0,83,117,138,139,0.6632104628348582,0.31656220981348326,0.2875728048790905,0.0209369940519116,0.5279021304741559,0.35588159476642395,0.2693943512418503
1,0,100,112,172,144,0.9482745317191331,0.15454813706239434,0.0,0.0,0.12798144965033825,0.37357853413383146,0.26610275541797523
2,0,85,105,150,132,0.7667361860770617,0.20811561705634146,0.30175905663138175,0.0,0.3829517609531169,0.1349986250242418,0.37214103471399285
3,0,107,89,151,152,0.5249337917907191,0.29849874624628775,0.33626660985725115,0.12985848544242257,0.26045586462425424,0.2673263949973972,0.3492733080473056
4,0,119,116,130,143,0.8624092457891482,0.18750919594263635,0.24049863786519235,0.3282786086218926,0.15944526931372952,0.022262937183395975,0.4288765042978032
5,0,95,97,145,141,0.37453377401004206,0.3104578559129663,0.1859703073452709,0.254331102366918,0.33560459956473054,0.03208029379125349,0.04644717631968087
6,0,83,100,171,179,0.5388186102175483,0.17060319823946302,0.328588609335815,0.40276568887330244,0.0,0.24321305108895835,0.26029933092998997
