frame,face_id,x,y,w,h,neutral,surprise,fear,disgust,angry,happy,sad
0,0,107,117,126,175,0.6657381593195209,0.046947468247667934,0.13212783120940946,0.11901628708328675,0.3451367019993295,0.34008329824211364,0.24851044147341572
1,0,119,116,120,121,0.6090735719964937,0.07821590388109759,0.0,0.28881743783810776,0.017318074794539673,0.13355827649714708,0.20607208120651627
2,0,92,101,146,174,0.4620370572376159,0.14451062408753537,0.24835748782075792,0.4728130089348739,0.3175207158697104,0.11532421479721669,0.20400061085392232
3,0,98,96,125,142,0.6846779810340686,0.0,0.3689347887088603,0.12811659875719952,0.37448186911621684,0.0,0.0959695181038296
4,0,116,114,169,120,0.594538682169859,0.4728887163074243,0.27868091663133787,0.3807361714684939,0.0,0.24720858748655164,0.3864204146985836
5,0,117,97,124,130,0.8205528166761468,0.17417720569755377,0.4646364897072852,0.46710687852957367,0.48305849592733635,0.18814442579751675,0.34494766394373244
