frame,face_id,x,y,w,h,neutral,surprise,fear,disgust,angry,happy,sad
0,0,100,116,137,170,0.9268543285311155,0.2867835583612513,0.20820420422324346,0.08943990374140226,0.3385663447200197,0.16597243518649327,0.32177650413935016
1,0,98,102,136,138,0.38003308075991776,0.1501541812959573,0.21039428380220015,0.38985941415765535,0.23154567742602872,0.2368128521874326,0.000703867088504978
2,0,88,107,124,143,0.4102791860384659,0.41634609473690315,0.01057035747805582,0.14277763454357267,0.30802982961699593,0.05146489546039351,0.30629729830543617
3,0,108,104,140,121,0.36796922041351643,0.2669264312272076,0.14971645181194426,0.33464083010717566,0.1964175238848334,0.37409636407728364,0.11861234260115343
4,0,80,89,145,135,0.45854031459054306,0.16680971969012856,0.13017017881259071,0.2539733941524311,0.22450583088248408,0.3843157870452,0.03874345976146085
5,0,95,86,146,173,0.45559580045260695,0.09605186326908899,0.3251459405520036,0.30677504472587064,0.23958293699007113,0.13484526606557787,0.026376805289646338
6,0,90,81,159,150,0.7770177906647018,0.12193590416680669,0.29903354327951953,0.28050426322073835,0.3850615365956429,0.3346657055654808,0.11707778889047561
7,0,115,108,154,167,0.7180850600005846,0.29936446054161137,0.4296369035240102,0.3782425204385104,0.31347604174242594,0.1054177135321484,0.0
8,0,92,86,131,132,0.3363878035190594,0.14267854448952633,0.21627246952608323,0.053461900341247925,0.4207763823196037,0.1145539306785489,0.14660608218501392
