frame,face_id,x,y,w,h,neutral,surprise,fear,disgust,angry,happy,sad
0,0,117,117,169,179,0.4104464122292194,0.12467949313240466,0.26453239677720436,0.05919272434744621,0.0,0.013532348661547122,0.49255515811791795
1,0,85,107,133,124,0.5972712883034291,0.22760192975707355,0.25733398514487793,0.022367514164922914,0.2523294719621081,0.3616997024362647,0.29802959212424107
2,0,100,100,151,175,0.522196845261183,0.37918145271303205,0.31220305805671583,0.5112209936986569,0.16136426578380533,0.0,0.08051191613218556
3,0,92,85,139,145,0.6360806538331208,0.13231595310937005,0.12133502343143336,0.23901571857623347,0.20603285943735256,0.14578330889950894,0.30442148013903864
4,0,81,84,150,138,0.5768089032218318,0.26899375408048776,0.3486507087003262,0.2026331051006076,0.24483974662864788,0.22837130769483927,0.3782859352168837
5,0,106,114,163,170,0.7999916200444666,0.13261509514708208,0.22693500087275403,0.1721895606922677,0.3388271858410026,0.13235060304557744,0.07804764649712517
6,0,87,104,158,147,0.640370495188578,0.05101688556050729,0.2850772001332491,0.1293360357255045,0.007316032886455048,0.35904058889029067,0.23261995068778096
7,0,80,109,135,122,0.6123401982570967,0.1174841374698861,0.0,0.2525737032342105,0.19171036636234257,0.09702066461637074,0.4811547954560586
