frame,face_id,x,y,w,h,neutral,surprise,fear,disgust,angry,happy,sad
0,0,105,81,178,130,0.6532051736261801,0.46976126980822275,0.1565093690491168,0.1514236682356768,0.35539732585677797,0.07124306502374964,0.3070496654674675
1,0,112,106,133,134,0.22695464903920137,0.0,0.014673772198079388,0.13915276755518086,0.0,0.30563173936320126,0.3809394263106791
2,0,93,84,154,125,0.5889664473545563,0.3331093214847759,0.2577752994252543,0.17078320531755478,0.0,0.13756402147754154,0.09601008545804308
3,0,119,102,126,125,0.6084833858188795,0.5409082951481586,0.34527819430142725,0.4344842836282937,0.12456461973185172,0.09884718429695098,0.28472187824000195
4,0,114,81,162,130,0.8554277837711903,0.29405476840422534,0.2547081285301068,0.3458517741479814,0.42922281008963037,0.31772111787384044,0.35773199842555337
