frame,face_id,x,y,w,h,neutral,surprise,fear,disgust,angry,happy,sad
0,0,92,83,146,138,0.8037006642225404,0.02366008826098706,0.00810352774627085,0.11127484377512048,0.4240823691946769,0.24962645132413575,0.25999358357012353
1,0,93,84,150,157,0.40331484763243786,0.15963224239173546,0.14796980372548543,0.3455121993734154,0.27721402250490046,0.17741032617256408,0.22416582938587098
2,0,111,89,132,145,0.4345217500077274,0.40936469578594925,0.2117039455861476,0.3790353665362196,0.0981286709447761,0.32937212116372827,0.19329482649520202
3,0,89,95,135,150,0.9015338868794911,0.3080262717501695,0.31787473410433986,0.18599219067067616,0.23550488713598464,0.15786495389355765,0.0
4,0,118,107,138,122,0.6078680174969495,0.20677964737223598,0.26285161205607455,0.407493302509883,0.19251833741862812,0.15321992504681656,0.04721478366134349
5,0,98,103,177,157,0.20686786330873486,0.20424215731577705,0.033937132323598046,0.18939827162204145,0.0,0.1961505996520902,0.18706979856822764
6,0,82,84,177,137,0.4873833830658615,0.0,0.0,0.08834614875320927,0.30788075865860426,0.0,0.30365185636403424
7,0,115,96,172,130,0.4903963381732239,0.2700150247167179,0.210366079031087,0.45337218358623715,0.11561026785606204,0.17401436615398555,0.3248742384710252
8,0,102,83,171,158,0.6026486201855773,0.38106734969488054,0.4489554387117466,0.0,0.29825583454406374,0.14456935569365678,0.03829346509370024
