frame,face_id,x,y,w,h,neutral,surprise,fear,disgust,angry,happy,sad
0,0,94,108,142,160,0.7044703786040535,0.27172907734193774,0.14197775617473968,0.13293879125108754,0.31081269488394514,0.08752810445280132,0.1907600027968199
1,0,89,82,167,137,1.0,0.0,0.451924595236538,0.08868478364879419,0.006159983127001445,0.08904555304179769,0.23400875768782928
2,0,98,81,141,168,0.59081514832513,0.2595818776176759,0.0,0.4316183976010731,0.006870766358962721,0.4233871269496068,0.3845047700366684
3,0,115,112,169,131,0.4501766189748788,0.33510385761145267,0.1628371353944497,0.49427548114409253,0.18362483968142362,0.3137246020077054,0.3081970092081362
4,0,117,104,156,151,0.7506460483431658,0.17410889170265897,0.18015199442709134,0.15823820854204937,0.02536815657946695,0.0,0.45288999657172746
5,0,104,97,158,123,0.7209284353883639,0.21139158471631064,0.19586072248088,0.19252198172111656,0.14505129694461938,0.09029038297300243,0.1518216254353691
6,0,102,109,157,136,0.5741353524488074,0.3035816829307704,0.4162867043515657,0.2770607327516007,0.2965445061934753,0.05021011627750316,0.27801153779609394
