frame,face_id,x,y,w,h,neutral,surprise,fear,disgust,angry,happy,sad
0,0,111,97,174,131,0.7059810365019016,0.310817357919374,0.0,0.29763933052811387,0.5056664919370334,0.260271199311764,0.2408198487460181
1,0,97,95,156,125,0.648380009507631,0.18008080804767895,0.37319990167041034,0.08730591767420062,0.11792759442757625,0.1607691042061795,0.41846896524436045
2,0,108,115,137,148,0.790367645786803,0.15076425481248473,0.0,0.23692585891363288,0.0,0.27824642199973004,0.0
3,0,111,113,172,160,0.4697987363878705,0.40884949186299285,0.3393427267953715,0.1507538702851851,0.08614256475302869,0.25878037583451596,0.019983328344067047
4,0,82,83,131,121,0.5495141678163067,0.2579004919707036,0.2227426347945428,0.1884791598513288,0.27814289729530656,0.20368793528042642,0.23260561826560308
5,0,113,118,160,154,0.5689636055533601,0.5009776160982188,0.27266029984967255,0.1917461890270722,0.16818112032447613,0.1307388876238553,0.12107280743354629
6,0,94,98,166,135,0.34840007643175896,0.5368881131149706,0.1636365359193346,0.4148079954384525,0.2817248296370506,0.30845378501235743,0.23567814873040566
7,0,81,94,144,130,0.8348523394587334,0.22947783313673645,0.46008137396190313,0.304284820425647,0.3651768486332798,0.23325029214411713,0.29838720381387096
8,0,92,90,127,135,0.8799931881590535,0.11489756545617648,0.36081366447919605,0.3509157223314654,0.2412015980959198,0.3876337555971305,0.13050096506795617
