frame,face_id,x,y,w,h,neutral,surprise,fear,disgust,angry,happy,sad
0,0,99,97,139,179,0.4173945087882789,0.0016032680844146052,0.3131483838430784,0.04132828220096765,0.37984698430026625,0.19225466611975633,0.2930678411667446
1,0,113,108,134,162,0.7922030424905169,0.19879495185415005,0.35852412107402953,0.3784842016926012,0.25173125153772813,0.12175569283156652,0.04697140646492723
2,0,117,90,138,151,0.18188943636602928,0.2724271283725636,0.0,0.21310073996237963,0.10704374516451634,0.027056137383143913,0.3019858287912452
3,0,95,115,167,179,0.2905469529003727,0.4469829321366713,0.23609681847266045,0.23832443435001852,0.07038607262665247,0.1165918982636066,0.2126930634365589
4,0,111,115,120,160,0.38581329865539027,0.19008679987676302,0.1274438536842717,0.12253495078448487,0.11115724345566924,0.14987078006921795,0.4638511751416234
5,0,118,107,128,159,0.45440605323338173,0.0,0.30824877568135367,0.025888456908513297,0.0,0.0,0.3992334091915277
6,0,81,83,138,149,0.36808933355587636,0.23123780326408622,0.2261216224699388,0.2245573862524082,0.0717464476388591,0.39329455033740757,0.06618977110244903
7,0,93,84,131,178,0.5621303992732661,0.13904969325298214,0.08983991767822032,0.21862113591402624,0.3126431050790771,0.2860424734277123,0.29523063366765445
