frame,face_id,x,y,w,h,neutral,surprise,fear,disgust,angry,happy,sad
0,0,109,85,132,125,0.6682809893988534,0.3485007787630888,0.15800004539942553,0.042705398654977356,0.1038017111963709,0.31720471068411477,0.023894807310642835
1,0,100,101,122,144,0.6482379755702898,0.17120815268629191,0.2167683165933316,0.14700325259631822,0.07144391505713626,0.12942877991671323,0.40984010686746497
2,0,96,97,128,155,0.4330148139614473,0.23502619937021463,0.3497963119999284,0.1283135061251156,0.669024141812776,0.16903379467634821,0.24115945870805444
3,0,100,104,156,129,0.8019524165126128,0.0,0.2753358593543651,0.33364854150537304,0.11491823653448545,0.1430333360213954,0.13233772625988868
4,0,105,114,164,133,0.9125351745070779,0.327192991748387,0.1822833496792448,0.03293128376148441,0.3029263247385995,0.4083288803764662,0.4710159834464915
5,0,80,111,128,141,0.4862247989303548,0.5806961870856627,0.11324104264595616,0.3231735197117892,0.29067758746161165,0.025175948598673586,0.4169644010779775
6,0,101,88,120,128,0.7411730323704386,0.2454753926711481,0.34326155317037316,0.19730508081068224,0.3552708384122537,0.0698770323351974,0.18682671677519763
7,0,100,81,135,171,0.62117092518896,0.1934998347234335,0.3601481068421204,0.15911338890671178,0.45465592423828227,0.15392753098826728,0.5356133979948807
8,0,88,117,144,164,0.870020236681657,0.1803502464729536,0.046685030514456466,0.27920999324601614,0.3203798920978233,0.0,0.1641082684826488
